"CancerType","AUC","Accuracy","Sensitivity","Specificity","Precision","F1_Score","ref_data_type"
"Lung Cancer",0.823274992070586,0.853281853281853,0.481012658227848,0.920273348519362,0.520547945205479,0.5,"rna_ct_tissue_ovr"
"Breast Cancer",0.754955659885237,0.85207100591716,0.444444444444444,0.929577464788732,0.545454545454545,0.489795918367347,"rna_ct_tissue_ovr"
"Pancreatic Cancer",0.782963620230701,0.928571428571429,0.314285714285714,0.973084886128364,0.458333333333333,0.372881355932203,"rna_ct_tissue_ovr"
"Ovarian Cancer",0.875908062403239,0.928994082840237,0.407407407407407,0.97427652733119,0.578947368421053,0.478260869565217,"rna_ct_tissue_ovr"
"Bile Duct Cancer",0.877160243407708,0.953667953667954,0.36,0.983772819472617,0.529411764705882,0.428571428571429,"rna_ct_tissue_ovr"
"Colorectal Cancer",0.900128234140454,0.961389961389961,0.518518518518518,0.985743380855397,0.666666666666667,0.583333333333333,"rna_ct_tissue_ovr"
"Gastric cancer",0.895526891453572,0.957528957528958,0.444444444444444,0.985743380855397,0.631578947368421,0.521739130434783,"rna_ct_tissue_ovr"
