"CancerType","AUC","Accuracy","Sensitivity","Specificity","Precision","F1_Score","ref_data_type"
"Lung Cancer",0.902158124092135,0.879256965944272,0.708860759493671,0.934426229508197,0.777777777777778,0.741721854304636,"rna_ct_tissue"
"Breast Cancer",0.926266757555101,0.875576036866359,0.611111111111111,0.96319018404908,0.846153846153846,0.709677419354839,"rna_ct_tissue"
"Pancreatic Cancer",0.833138173302108,0.906810035842294,0.457142857142857,0.971311475409836,0.695652173913043,0.551724137931034,"rna_ct_tissue"
"Ovarian Cancer",0.96387184730743,0.931578947368421,0.62962962962963,0.98159509202454,0.85,0.723404255319149,"rna_ct_tissue"
"Bile Duct Cancer",0.946393442622951,0.951672862453532,0.6,0.987704918032787,0.833333333333333,0.697674418604651,"rna_ct_tissue"
"Colorectal Cancer",0.967364905889496,0.966789667896679,0.703703703703704,0.995901639344262,0.95,0.808510638297872,"rna_ct_tissue"
"Gastric cancer",0.908166363084396,0.937269372693727,0.518518518518518,0.983606557377049,0.777777777777778,0.622222222222222,"rna_ct_tissue"
