"CancerType","AUC","Accuracy","Sensitivity","Specificity","Precision","F1_Score","ref_data_type"
"Lung Cancer",0.871498236148579,0.851393188854489,0.658227848101266,0.913934426229508,0.712328767123288,0.684210526315789,"rna"
"Breast Cancer",0.805157918654851,0.797235023041475,0.62962962962963,0.852760736196319,0.586206896551724,0.607142857142857,"rna"
"Pancreatic Cancer",0.758196721311475,0.838709677419355,0.457142857142857,0.89344262295082,0.380952380952381,0.415584415584416,"rna"
"Ovarian Cancer",0.744830720290843,0.831578947368421,0.481481481481481,0.889570552147239,0.419354838709677,0.448275862068966,"rna"
"Bile Duct Cancer",0.887049180327869,0.899628252788104,0.52,0.938524590163934,0.464285714285714,0.490566037735849,"rna"
"Colorectal Cancer",0.929265330904675,0.948339483394834,0.62962962962963,0.983606557377049,0.80952380952381,0.708333333333333,"rna"
"Gastric cancer",0.903460837887067,0.922509225092251,0.62962962962963,0.954918032786885,0.607142857142857,0.618181818181818,"rna"
