"CancerType","AUC","Accuracy","Sensitivity","Specificity","Precision","F1_Score","ref_data_type"
"Colorectal Cancer",0.936551305403764,0.940959409594096,0.555555555555556,0.983606557377049,0.789473684210526,0.652173913043478,"WPS RNA Cell Type Tissue"
"Breast Cancer",0.662008634401272,0.686635944700461,0.407407407407407,0.779141104294479,0.379310344827586,0.392857142857143,"WPS RNA Cell Type Tissue"
"Lung Cancer",0.755914090060179,0.739938080495356,0.443037974683544,0.836065573770492,0.466666666666667,0.454545454545455,"WPS RNA Cell Type Tissue"
"Ovarian Cancer",0.845530236634531,0.87434554973822,0.392857142857143,0.957055214723926,0.611111111111111,0.478260869565217,"WPS RNA Cell Type Tissue"
"Pancreatic Cancer",0.744730679156909,0.853046594982079,0.314285714285714,0.930327868852459,0.392857142857143,0.349206349206349,"WPS RNA Cell Type Tissue"
"Bile Duct Cancer",0.603114754098361,0.851301115241636,0.16,0.922131147540984,0.173913043478261,0.166666666666667,"WPS RNA Cell Type Tissue"
"Gastric cancer",0.769277474195507,0.88929889298893,0.222222222222222,0.963114754098361,0.4,0.285714285714286,"WPS RNA Cell Type Tissue"
